{"x":-0.3255683183670044,"y":0.0,"z":0.23627762496471406}